{
    "data":[
        {
            "name":"101201101801102801111401112201",
            "rate":1.0,
            "team":[
                "初音",
                "伊緒",
                "咲戀",
                "露娜",
                "霞(魔法少女)"
            ],
            "total":[
                1625329133.254022,
                1625329133.254022,
                1625329133.254022
            ],
            "win":[
                1625329133.254022,
                1625329133.254022,
                1625329133.254022
            ]
        },
        {
            "name":"101201101801109701111401112201",
            "rate":1.0,
            "team":[
                "初音",
                "伊緒",
                "雷姆",
                "露娜",
                "霞(魔法少女)"
            ],
            "total":[
                1625383371.7537816,
                1625383371.7537816,
                1625383371.7537816,
                1625462052.2883964
            ],
            "win":[
                1625383371.7537816,
                1625383371.7537816,
                1625383371.7537816,
                1625462052.2883964
            ]
        },
        {
            "name":"101001101101102801108401112201",
            "rate":0.833,
            "team":[
                "真步",
                "璃乃",
                "咲戀",
                "千歌(聖誕節)",
                "霞(魔法少女)"
            ],
            "total":[
                1625329133.254022,
                1625329133.254022,
                1625329133.254022,
                1625412668.2837398,
                1625412992.556375,
                1625413806.1043806
            ],
            "win":[
                1625329133.254022,
                1625329133.254022,
                1625329133.254022,
                1625412668.2837398,
                1625412992.556375
            ]
        },
        {
            "name":"100101101201103401110301111401",
            "rate":0.8,
            "team":[
                "日和",
                "初音",
                "優花梨",
                "咲戀(夏日)",
                "露娜"
            ],
            "total":[
                1625329133.254022,
                1625329133.254022,
                1625329133.254022,
                1625330563.5945141,
                1625409092.6047802
            ],
            "win":[
                1625329133.254022,
                1625329133.254022,
                1625329133.254022,
                1625330563.5945141
            ]
        },
        {
            "name":"101201101801109501111401112201",
            "rate":0.8,
            "team":[
                "初音",
                "伊緒",
                "空花(大江戶)",
                "露娜",
                "霞(魔法少女)"
            ],
            "total":[
                1625289560.5066235,
                1625289560.5066235,
                1625289560.5066235,
                1625331541.6615906,
                1625383819.3764198
            ],
            "win":[
                1625289560.5066235,
                1625289560.5066235,
                1625289560.5066235,
                1625331541.6615906
            ]
        },
        {
            "name":"100601104801109701110301112201",
            "rate":0.8,
            "team":[
                "茜里",
                "美冬",
                "雷姆",
                "咲戀(夏日)",
                "霞(魔法少女)"
            ],
            "total":[
                1625292139.1567342,
                1625292139.1567342,
                1625292139.1567342,
                1625326256.3982875,
                1625332834.525251
            ],
            "win":[
                1625292139.1567342,
                1625292139.1567342,
                1625292139.1567342,
                1625332834.525251
            ]
        },
        {
            "name":"100801101101111001111901112201",
            "rate":0.75,
            "team":[
                "雪",
                "璃乃",
                "優妮",
                "可可蘿(新年)",
                "霞(魔法少女)"
            ],
            "total":[
                1625329133.254022,
                1625329133.254022,
                1625329133.254022,
                1625331876.032581
            ],
            "win":[
                1625329133.254022,
                1625329133.254022,
                1625329133.254022
            ]
        },
        {
            "name":"100601102801104801109701112201",
            "rate":0.714,
            "team":[
                "茜里",
                "咲戀",
                "美冬",
                "雷姆",
                "霞(魔法少女)"
            ],
            "total":[
                1625289439.5817292,
                1625289439.5817292,
                1625289439.5817292,
                1625333582.0834851,
                1625408624.043181,
                1625409093.2131543,
                1625463277.1829438
            ],
            "win":[
                1625289439.5817292,
                1625289439.5817292,
                1625289439.5817292,
                1625333582.0834851,
                1625408624.043181
            ]
        },
        {
            "name":"100801101401103001108401111001",
            "rate":0.7,
            "team":[
                "雪",
                "霞",
                "妮諾",
                "千歌(聖誕節)",
                "優妮"
            ],
            "total":[
                1625329133.254022,
                1625329133.254022,
                1625329133.254022,
                1625332835.2597024,
                1625333581.3107994,
                1625408623.3672783,
                1625413413.6655152,
                1625461629.6785746,
                1625462441.3236322,
                1625463275.9148796
            ],
            "win":[
                1625329133.254022,
                1625329133.254022,
                1625329133.254022,
                1625332835.2597024,
                1625333581.3107994,
                1625413413.6655152,
                1625463275.9148796
            ]
        },
        {
            "name":"101201101801103201103401110301",
            "rate":0.667,
            "team":[
                "初音",
                "伊緒",
                "秋乃",
                "優花梨",
                "咲戀(夏日)"
            ],
            "total":[
                1625289439.5817292,
                1625289439.5817292,
                1625289439.5817292,
                1625329307.5637853,
                1625461630.3025846,
                1625463276.543523
            ],
            "win":[
                1625289439.5817292,
                1625289439.5817292,
                1625289439.5817292,
                1625329307.5637853
            ]
        },
        {
            "name":"100201103401104801104901105201",
            "rate":0.6,
            "team":[
                "優衣",
                "優花梨",
                "美冬",
                "靜流",
                "莉瑪"
            ],
            "total":[
                1625329133.254022,
                1625329133.254022,
                1625329133.254022,
                1625412667.6557565,
                1625462440.716923
            ],
            "win":[
                1625329133.254022,
                1625329133.254022,
                1625329133.254022
            ]
        },
        {
            "name":"102601102801103001108401111001",
            "rate":0.571,
            "team":[
                "鈴",
                "咲戀",
                "妮諾",
                "千歌(聖誕節)",
                "優妮"
            ],
            "total":[
                1625292139.1567342,
                1625292139.1567342,
                1625292139.1567342,
                1625331540.918265,
                1625383818.594409,
                1625462051.6859016,
                1625462790.7870648
            ],