{
    "data":[
        {
            "name":"100101101801103401108401110301",
            "rate":1.0,
            "team":[
                "千歌(聖誕節)",
                "伊緒",
                "咲戀(夏日)",
                "優花梨",
                "日和"
            ],
            "total":[
                1624543203.9001477,
                1624543203.9001477,
                1624543203.9001477
            ],
            "win":[
                1624543203.9001477,
                1624543203.9001477,
                1624543203.9001477
            ]
        }
    ]
}