{
    "data":[
        {
            "name":"100101103101105201106601110301",
            "rate":0.818,
            "team":[
                "日和",
                "忍",
                "莉瑪",
                "祈梨",
                "咲戀(夏日)"
            ],
            "total":[
                1675772023.893045,
                1675772023.893045,
                1675772023.893045,
                1675775966.5572317,
                1675776395.8164375,
                1675780092.8838346,
                1676617128.0149372,
                1676701708.2224343,
                1676874490.2450278,
                1676875461.9227302,
                1677220543.06036
            ],
            "win":[
                1675772023.893045,
                1675772023.893045,
                1675772023.893045,
                1675775966.5572317,
                1675776395.8164375,
                1676617128.0149372,
                1676701708.2224343,
                1676874490.2450278,
                1677220543.06036
            ]
        },
        {
            "name":"100101105201106601110301121101",
            "rate":0.8,
            "team":[
                "日和",
                "莉瑪",
                "祈梨",
                "咲戀(夏日)",
                "凱留(超載)"
            ],
            "total":[
                1675772023.893045,
                1675772023.893045,
                1675772023.893045,
                1676356124.4416292,
                1676356500.122037,
                1676357002.030881,
                1676357377.33669,
                1676357817.4976745,
                1676615861.2617083,
                1676616228.743672,
                1676875900.301847,
                1676961396.683533,
                1677047394.7544997,
                1677048278.1492913,
                1677134164.3851404
            ],
            "win":[
                1675772023.893045,
                1675772023.893045,
                1675772023.893045,
                1676356124.4416292,
                1676356500.122037,
                1676357002.030881,
                1676357377.33669,
                1676615861.2617083,
                1676875900.301847,
                1676961396.683533,
                1677047394.7544997,
                1677048278.1492913
            ]
        },
        {
            "name":"103401105001106601111401117301",
            "rate":0.8,
            "team":[
                "優花梨",
                "美咲",
                "祈梨",
                "露娜",
                "千歌(夏日)"
            ],
            "total":[
                1675772023.893045,
                1675772023.893045,
                1675772023.893045,
                1677048770.6678889,
                1677049307.8511508
            ],
            "win":[
                1675772023.893045,
                1675772023.893045,
                1675772023.893045,
                1677048770.6678889
            ]
        },
        {
            "name":"103401105001106601111401121101",
            "rate":0.75,
            "team":[
                "優花梨",
                "美咲",
                "祈梨",
                "露娜",
                "凱留(超載)"
            ],
            "total":[
                1675772023.893045,
                1675772023.893045,
                1675772023.893045,
                1677133734.6583498
            ],
            "win":[
                1675772023.893045,
                1675772023.893045,
                1675772023.893045
            ]
        },
        {
            "name":"103401105001111401121101122801",
            "rate":0.667,
            "team":[
                "優花梨",
                "美咲",
                "露娜",
                "凱留(超載)",
                "禊(夏日)"
            ],
            "total":[
                1675772023.893045,
                1675772023.893045,
                1675772023.893045,
                1675775969.3100805,
                1675776398.5961251,
                1675837709.0011666,
                1676617128.7930305,
                1677220083.015258,
                1677220542.2936964
            ],
            "win":[
                1675772023.893045,
                1675772023.893045,
                1675772023.893045,
                1675775969.3100805,
                1675776398.5961251,
                1677220083.015258
            ]
        },
        {
            "name":"103401105001111401117301122801",
            "rate":0.667,
            "team":[
                "優花梨",
                "美咲",
                "露娜",
                "千歌(夏日)",
                "禊(夏日)"
            ],
            "total":[
                1675772023.893045,
                1675772023.893045,
                1675772023.893045,
                1675838600.3087766,
                1676356125.209406,
                1676356500.8744135,
                1676357002.8640797,
                1676357376.5599122,
                1676357816.7062156,
                1676615862.0748808,
                1676616227.9363215,
                1676701707.453357,
                1676874489.4946914,
                1676874969.4931254,
                1676875461.1164455,
                1676875899.5330985,
                1676961395.8915076,
                1677047393.996085,
                1677047780.6710727,
                1677048277.3857968,
                1677134163.606087
            ],
            "win":[
                1675772023.893045,
                1675772023.893045,
                1675772023.893045,
                1675838600.3087766,
                1676356125.209406,
                1676356500.8744135,
                1676357376.5599122,
                1676357816.7062156,
                1676616227.9363215,
                1676874489.4946914,
                1676874969.4931254,
                1676875461.1164455,
                1677047393.996085,
                1677134163.606087
            ]
        },
        {
            "name":"104601105301111001116001123001",
            "rate":0.583,
            "team":[
                "珠希",
                "莫妮卡",
                "優妮",
                "真步(灰姑娘)",
                "愛梅斯"
            ],
            "total":[
                1675774316.967573,
                1675774316.967573,
                1675774316.967573,
                1675838085.3804865,
                1675838598.75775,
                1676356499.3547192,
                1676357001.2413533,
                1676442430.1976569,
                1676616671.9314227,
                1676960923.2694468,
                1677220082.217254,
                1677220541.5184677
            ],
            "win":[
                1675774316.967573,
                1675774316.967573,
                1675774316.967573,
                1675838085.3804865,
                1675838598.75775,
                1677220082.217254,
                1677220541.5184677
            ]
        },
        {
            "name":"103101103601105301116001123001",
            "rate":0.529,
            "team":[
                "忍",
                "鏡華",
                "莫妮卡",
                "真步(灰姑娘)",
                "愛梅斯"
            ],
            "total":[
                1675774255.4540641,
                1675774255.4540641,
                1675774255.4540641,
                1675837707.381224,
                1676356123.682109,
                1676357375.8022058,
                1676616227.1532934,
                1676875898.7334712,
                1676876295.1934507,
                1676961395.1246862,
                1677047393.239309,
                1677047779.865171,
                1677048276.606891,
                1677048769.8897433,
                1677049307.0479512,
                1677133733.0665221,
                1677134162.7938018
            ],